{
	"parent": "minecraft:block/block",
	"textures": {
		"2": "block/campfire"
	},
	"elements": [
		{
			"from": [4, 7.5, 0],
			"to": [5, 8.5, 16],
			"rotation": {"angle": 22.5, "axis": "x", "origin": [0, 0, 0]},
			"faces": {
				"north": {"uv": [0, 14.625, 1.5, 16], "texture": "#2", "cullface": "north"},
				"east": {"uv": [0, 0, 16, 2.625], "texture": "#2"},
				"south": {"uv": [0, 14.75, 1.5, 16], "texture": "#2", "cullface": "south"},
				"west": {"uv": [13.875, 5.125, 0, 9.125], "texture": "#2"},
				"up": {"uv": [0, 9.125, 13.875, 13.125], "rotation": 90, "texture": "#2"},
				"down": {"uv": [0, 0, 16, 2.375], "rotation": 90, "texture": "#2", "cullface": "down"}
			}
		},
		{
			"from": [10.75, 0.5, 4],
			"to": [12.75, 2.5, 13],
			"rotation": {"angle": -45, "axis": "y", "origin": [1, 0, 0]},
			"faces": {
				"north": {"uv": [0, 14.5, 1.375, 16], "texture": "#2", "cullface": "west"},
				"east": {"uv": [16, 0, 0, 2.25], "texture": "#2"},
				"south": {"uv": [0, 14.5, 1.375, 16], "texture": "#2", "cullface": "east"},
				"west": {"uv": [0, 4.875, 14, 7.375], "texture": "#2"},
				"up": {"uv": [0, 12.125, 16, 8.375], "rotation": 270, "texture": "#2"},
				"down": {"uv": [0, 0, 16, 2.25], "rotation": 270, "texture": "#2"}
			}
		},
		{
			"from": [0, 0, 8],
			"to": [16, 4, 12],
			"rotation": {"angle": -45, "axis": "y", "origin": [10, 0, 9]},
			"faces": {
				"north": {"uv": [0, 6.125, 16, 10.125], "texture": "#2"},
				"east": {"uv": [0, 14.5, 1.5, 16], "texture": "#2", "cullface": "south"},
				"south": {"uv": [16, 0, 0, 2.5], "texture": "#2"},
				"west": {"uv": [0, 14.5, 1.5, 16], "texture": "#2", "cullface": "north"},
				"up": {"uv": [0, 0, 16, 2.5], "texture": "#2"},
				"down": {"uv": [0, 0, 16, 2.375], "rotation": 180, "texture": "#2", "cullface": "down"}
			}
		},
		{
			"from": [7.5, -0.06147, -0.60896],
			"to": [8.5, 0.93853, 7.39104],
			"rotation": {"angle": -45, "axis": "y", "origin": [8, 1, 8]},
			"faces": {
				"north": {"uv": [0, 14.75, 1.625, 16], "texture": "#2", "cullface": "east"},
				"east": {"uv": [16, 0, 0, 2.25], "texture": "#2"},
				"south": {"uv": [0, 14.75, 1.625, 16], "texture": "#2", "cullface": "west"},
				"west": {"uv": [0, 5, 14, 8], "texture": "#2"},
				"up": {"uv": [0, 8, 14, 12], "rotation": 90, "texture": "#2"},
				"down": {"uv": [0, 0, 16, 2.25], "rotation": 90, "texture": "#2"}
			}
		},
		{
			"from": [7, 1, 0],
			"to": [16, 2, 1],
			"rotation": {"angle": -22.5, "axis": "y", "origin": [0, 0, 0]},
			"faces": {
				"north": {"uv": [0, 0, 16, 2.5], "texture": "#2"},
				"east": {"uv": [0, 14.375, 2.625, 15.875], "texture": "#2", "cullface": "north"},
				"west": {"uv": [0, 14.375, 2.625, 15.875], "texture": "#2", "cullface": "south"},
				"up": {"uv": [0, 0, 16, 2.25], "rotation": 180, "texture": "#2"},
				"down": {"uv": [0, 8, 16, 14], "texture": "#2", "cullface": "down"}
			}
		}
	],
	"groups": [
		{
			"name": "group",
			"origin": [8, 8, 8],
			"color": 0,
			"children": [
				{
					"name": "group",
					"origin": [0, 0, 0],
					"color": 0,
					"children": [0, 1, 2, 3, 4]
				}
			]
		}
	]
}