{
	"parent": "minecraft:block/block",
	"textures": {
		"3": "block/stone",
		"particle": "block/campfire",
		"log": "block/campfire",
		"fire": "block/campfire_fire"
	},
	"elements": [
		{
			"from": [8, 1, 0.8],
			"to": [8, 17, 15.2],
			"rotation": {"angle": 45, "axis": "y", "origin": [8, 8, 8], "rescale": true},
			"faces": {
				"east": {"uv": [0, 0, 16, 16], "texture": "#fire"},
				"west": {"uv": [0, 0, 16, 16], "texture": "#fire"}
			}
		},
		{
			"from": [0.8, 1, 8],
			"to": [15.2, 17, 8],
			"rotation": {"angle": 45, "axis": "y", "origin": [8, 8, 8], "rescale": true},
			"faces": {
				"north": {"uv": [0, 0, 16, 16], "texture": "#fire"},
				"south": {"uv": [0, 0, 16, 16], "texture": "#fire"}
			}
		},
		{
			"from": [3.35896, 0.18853, 2.75],
			"to": [13.85896, 0.18853, 14.25],
			"rotation": {"angle": 22.5, "axis": "y", "origin": [8, 1.25, 8]},
			"faces": {
				"north": {"uv": [0, 5, 14, 8], "texture": "#log"},
				"east": {"uv": [0, 0, 16, 16], "texture": "#log", "cullface": "east"},
				"south": {"uv": [16, 2.5, 0, 4.75], "texture": "#log"},
				"west": {"uv": [0, 0, 16, 16], "texture": "#log", "cullface": "west"},
				"up": {"uv": [13.625, 13.5, 14.75, 14.75], "rotation": 180, "texture": "#log"},
				"down": {"uv": [13.625, 13.5, 14.75, 14.75], "texture": "#log"}
			}
		},
		{
			"from": [1.75, 0.28853, 3.35896],
			"to": [13.25, 0.28853, 13.85896],
			"rotation": {"angle": 0, "axis": "y", "origin": [8, 1.25, 8]},
			"faces": {
				"north": {"uv": [0, 0, 16, 16], "texture": "#log", "cullface": "west"},
				"east": {"uv": [0, 5, 14, 8], "texture": "#log"},
				"south": {"uv": [0, 0, 16, 16], "texture": "#log", "cullface": "east"},
				"west": {"uv": [16, 2.5, 0, 4.75], "texture": "#log"},
				"up": {"uv": [13.625, 13.5, 14.75, 14.75], "rotation": 270, "texture": "#log"},
				"down": {"uv": [13.625, 13.5, 14.75, 14.75], "rotation": 270, "texture": "#log"}
			}
		},
		{
			"from": [2.60896, -0.06147, 7.5],
			"to": [14.60896, 0.93853, 8.5],
			"rotation": {"angle": -45, "axis": "y", "origin": [8, 1, 8]},
			"faces": {
				"north": {"uv": [0, 5, 14, 8], "texture": "#log"},
				"east": {"uv": [0, 0, 16, 16], "texture": "#missing", "cullface": "east"},
				"south": {"uv": [16, 2.5, 0, 4.75], "texture": "#log"},
				"west": {"uv": [0, 0, 16, 16], "texture": "#missing", "cullface": "west"},
				"up": {"uv": [0, 8, 14, 12], "rotation": 180, "texture": "#log"},
				"down": {"uv": [0, 0, 16, 2.25], "texture": "#log"}
			}
		},
		{
			"from": [7.5, 0.93853, 2.60896],
			"to": [8.5, 1.93853, 14.60896],
			"rotation": {"angle": -45, "axis": "y", "origin": [8, 1, 8]},
			"faces": {
				"north": {"uv": [0, 14.5, 1.375, 16], "texture": "#log", "cullface": "west"},
				"east": {"uv": [0, 5, 14, 8], "texture": "#log"},
				"south": {"uv": [0, 14.5, 1.375, 16], "texture": "#log", "cullface": "east"},
				"west": {"uv": [16, 2.5, 0, 4.75], "texture": "#log"},
				"up": {"uv": [0, 8, 14, 12], "rotation": 270, "texture": "#log"},
				"down": {"uv": [0, 0, 16, 2.25], "rotation": 270, "texture": "#log"}
			}
		},
		{
			"from": [8.92388, 3.49438, 7.5],
			"to": [18.92388, 4.49438, 8.5],
			"rotation": {"angle": -22.5, "axis": "z", "origin": [8, 10, 8]},
			"faces": {
				"north": {"uv": [0, 5, 14, 8], "texture": "#log"},
				"east": {"uv": [0, 14.5, 1.25, 16], "texture": "#log", "cullface": "east"},
				"south": {"uv": [16, 2.5, 0, 4.75], "texture": "#log"},
				"west": {"uv": [0, 14.5, 1.25, 16], "texture": "#log", "cullface": "west"},
				"up": {"uv": [0, 8, 14, 12], "rotation": 180, "texture": "#log"},
				"down": {"uv": [0, 0, 16, 2.25], "texture": "#log"}
			}
		},
		{
			"from": [7.5, 1.93853, 1.60896],
			"to": [8.5, 2.93853, 16.60896],
			"rotation": {"angle": 22.5, "axis": "y", "origin": [8, 1, 8]},
			"faces": {
				"north": {"uv": [0, 14.75, 1.25, 16], "texture": "#log", "cullface": "west"},
				"east": {"uv": [1.375, 2.375, 15.375, 5.375], "texture": "#log"},
				"south": {"uv": [0, 14.75, 1.25, 16], "texture": "#log", "cullface": "east"},
				"west": {"uv": [16, 2.5, 0, 4.75], "texture": "#log"},
				"up": {"uv": [0, 8, 14, 12], "rotation": 270, "texture": "#log"},
				"down": {"uv": [0, 0, 16, 2.25], "rotation": 270, "texture": "#log"}
			}
		},
		{
			"from": [3, 0, 2],
			"to": [6, 2, 4],
			"rotation": {"angle": 22.5, "axis": "y", "origin": [3, 0, 2]},
			"faces": {
				"north": {"uv": [3.25, 3.5, 11.75, 10.25], "texture": "#3"},
				"east": {"uv": [3.25, 3.5, 11.75, 10.25], "texture": "#3"},
				"south": {"uv": [3.25, 3.5, 11.75, 10.25], "texture": "#3"},
				"west": {"uv": [3.25, 3.5, 11.75, 10.25], "texture": "#3"},
				"up": {"uv": [3.25, 3.5, 11.75, 11.25], "texture": "#3"},
				"down": {"uv": [3.25, 3.5, 11.75, 11.25], "texture": "#3"}
			}
		},
		{
			"from": [6, 0, 1.5],
			"to": [8.75, 1.5, 3],
			"rotation": {"angle": 0, "axis": "y", "origin": [3, 0, 3]},
			"faces": {
				"north": {"uv": [3.25, 3.5, 11.75, 10.75], "texture": "#3"},
				"east": {"uv": [3.25, 3.5, 11.75, 10.75], "texture": "#3"},
				"south": {"uv": [3.25, 3.5, 11.75, 10.75], "texture": "#3"},
				"west": {"uv": [3.25, 3.5, 11.75, 10.75], "texture": "#3"},
				"up": {"uv": [3.25, 3.5, 11.75, 11.25], "texture": "#3"},
				"down": {"uv": [3.25, 3.5, 11.75, 11.25], "texture": "#3"}
			}
		},
		{
			"from": [7.5, 0, 1.5],
			"to": [9.5, 1.5, 3],
			"rotation": {"angle": 22.5, "axis": "x", "origin": [3, 0, 3]},
			"faces": {
				"north": {"uv": [3.25, 3.5, 11.75, 10.75], "texture": "#3"},
				"east": {"uv": [3.25, 3.5, 11.75, 10.75], "texture": "#3"},
				"south": {"uv": [3.25, 3.5, 11.75, 10.75], "texture": "#3"},
				"west": {"uv": [3.25, 3.5, 11.75, 10.75], "texture": "#3"},
				"up": {"uv": [3.25, 3.5, 11.75, 11.25], "texture": "#3"},
				"down": {"uv": [3.25, 3.5, 11.75, 11.25], "texture": "#3"}
			}
		},
		{
			"from": [0, 0, 2],
			"to": [2, 2, 4],
			"rotation": {"angle": 45, "axis": "y", "origin": [3, 0, 2]},
			"faces": {
				"north": {"uv": [3.25, 3.5, 11.75, 11.25], "texture": "#3"},
				"east": {"uv": [3.25, 3.5, 11.75, 11.25], "texture": "#3"},
				"south": {"uv": [3.25, 3.5, 11.75, 11.25], "texture": "#3"},
				"west": {"uv": [3.25, 3.5, 11.75, 11.25], "texture": "#3"},
				"up": {"uv": [3.25, 3.5, 11.75, 11.25], "texture": "#3"},
				"down": {"uv": [3.25, 3.5, 11.75, 11.25], "texture": "#3"}
			}
		},
		{
			"from": [7, 0, 14],
			"to": [11, 2, 16],
			"rotation": {"angle": 0, "axis": "z", "origin": [3, 0, 3]},
			"faces": {
				"north": {"uv": [3.25, 3.5, 11.875, 11.25], "texture": "#3"},
				"east": {"uv": [3.25, 3.5, 11.75, 11.25], "texture": "#3"},
				"south": {"uv": [3.25, 3.5, 11.875, 11.25], "texture": "#3"},
				"west": {"uv": [3.25, 3.5, 11.75, 11.25], "texture": "#3"},
				"up": {"uv": [3.25, 3.5, 11.875, 11.25], "texture": "#3"},
				"down": {"uv": [3.25, 3.5, 11.875, 11.25], "texture": "#3"}
			}
		},
		{
			"from": [1, 0, 13],
			"to": [3, 2, 15],
			"rotation": {"angle": 0, "axis": "z", "origin": [3, 0, 3]},
			"faces": {
				"north": {"uv": [3.25, 3.5, 11.75, 11.25], "texture": "#3"},
				"east": {"uv": [3.25, 3.5, 11.75, 11.25], "texture": "#3"},
				"south": {"uv": [3.25, 3.5, 11.75, 11.25], "texture": "#3"},
				"west": {"uv": [3.25, 3.5, 11.75, 11.25], "texture": "#3"},
				"up": {"uv": [3.25, 3.5, 11.75, 11.25], "texture": "#3"},
				"down": {"uv": [3.25, 3.5, 11.75, 11.25], "texture": "#3"}
			}
		},
		{
			"from": [13, 0, 0],
			"to": [15, 2, 2],
			"rotation": {"angle": 0, "axis": "y", "origin": [2, 0, 3]},
			"faces": {
				"north": {"uv": [3.25, 3.5, 11.75, 11.25], "texture": "#3"},
				"east": {"uv": [3.25, 3.5, 11.75, 11.25], "texture": "#3"},
				"south": {"uv": [3.25, 3.5, 11.75, 11.25], "texture": "#3"},
				"west": {"uv": [3.25, 3.5, 11.75, 11.25], "texture": "#3"},
				"up": {"uv": [3.25, 3.5, 11.75, 11.25], "rotation": 270, "texture": "#3"},
				"down": {"uv": [3.25, 3.5, 11.75, 11.25], "rotation": 90, "texture": "#3"}
			}
		},
		{
			"from": [12.75, 1, 0],
			"to": [14.75, 2.5, 1.5],
			"rotation": {"angle": 22.5, "axis": "x", "origin": [2, 0, 3]},
			"faces": {
				"north": {"uv": [3.25, 3.5, 11.75, 11.25], "texture": "#3"},
				"east": {"uv": [3.25, 3.5, 11.75, 11.25], "texture": "#3"},
				"south": {"uv": [3.25, 3.5, 11.75, 11.25], "texture": "#3"},
				"west": {"uv": [3.25, 3.5, 11.75, 11.25], "texture": "#3"},
				"up": {"uv": [3.25, 3.5, 11.75, 11.25], "rotation": 270, "texture": "#3"},
				"down": {"uv": [3.25, 3.5, 11.75, 11.25], "rotation": 90, "texture": "#3"}
			}
		},
		{
			"from": [12.75, 1, 4],
			"to": [14.75, 1.75, 5.5],
			"rotation": {"angle": 22.5, "axis": "x", "origin": [2, 0, 3]},
			"faces": {
				"north": {"uv": [3.25, 3.5, 11.75, 11.25], "texture": "#3"},
				"east": {"uv": [3.25, 3.5, 11.75, 11.25], "texture": "#3"},
				"south": {"uv": [3.25, 3.5, 11.75, 11.25], "texture": "#3"},
				"west": {"uv": [3.25, 3.5, 11.75, 11.25], "texture": "#3"},
				"up": {"uv": [3.25, 3.5, 11.75, 11.25], "rotation": 270, "texture": "#3"},
				"down": {"uv": [3.25, 3.5, 11.75, 11.25], "rotation": 90, "texture": "#3"}
			}
		},
		{
			"from": [12.75, 0, 3.5],
			"to": [14.75, 0.75, 5],
			"rotation": {"angle": -22.5, "axis": "x", "origin": [2, 0, 3]},
			"faces": {
				"north": {"uv": [3.25, 3.5, 11.75, 11.25], "texture": "#3"},
				"east": {"uv": [3.25, 3.5, 11.75, 11.25], "texture": "#3"},
				"south": {"uv": [3.25, 3.5, 11.75, 11.25], "texture": "#3"},
				"west": {"uv": [3.25, 3.5, 11.75, 11.25], "texture": "#3"},
				"up": {"uv": [3.25, 3.5, 11.75, 11.25], "rotation": 270, "texture": "#3"},
				"down": {"uv": [3.25, 3.5, 11.75, 11.25], "rotation": 90, "texture": "#3"}
			}
		},
		{
			"from": [11, 0, 0.75],
			"to": [14, 1.5, 2.25],
			"rotation": {"angle": 0, "axis": "y", "origin": [2, 0, 3]},
			"faces": {
				"north": {"uv": [3.25, 3.5, 11.75, 11.25], "texture": "#3"},
				"east": {"uv": [3.25, 3.5, 11.75, 11.25], "texture": "#3"},
				"south": {"uv": [3.25, 3.5, 11.75, 11.25], "texture": "#3"},
				"west": {"uv": [3.25, 3.5, 11.75, 11.25], "texture": "#3"},
				"up": {"uv": [3.25, 3.5, 11.75, 11.25], "rotation": 270, "texture": "#3"},
				"down": {"uv": [3.25, 3.5, 11.75, 11.25], "rotation": 90, "texture": "#3"}
			}
		},
		{
			"from": [14, -3.25, 10],
			"to": [16, -1.25, 12],
			"rotation": {"angle": -22.5, "axis": "x", "origin": [2, 0, 3]},
			"faces": {
				"north": {"uv": [3.25, 3.5, 11.75, 11.25], "texture": "#3"},
				"east": {"uv": [3.25, 3.5, 11.75, 11.25], "texture": "#3"},
				"south": {"uv": [3.25, 3.5, 11.75, 11.25], "texture": "#3"},
				"west": {"uv": [3.25, 3.5, 11.75, 11.25], "texture": "#3"},
				"up": {"uv": [3.25, 3.5, 11.75, 11.25], "rotation": 270, "texture": "#3"},
				"down": {"uv": [3.25, 3.5, 11.75, 11.25], "rotation": 90, "texture": "#3"}
			}
		},
		{
			"from": [3, 0, 7],
			"to": [5, 1.75, 9],
			"rotation": {"angle": -22.5, "axis": "y", "origin": [3, 0, 3]},
			"faces": {
				"north": {"uv": [3.25, 3.5, 11.75, 11], "texture": "#3"},
				"east": {"uv": [3.25, 3.5, 11.75, 11], "texture": "#3"},
				"south": {"uv": [3.25, 3.5, 11.75, 11], "texture": "#3"},
				"west": {"uv": [3.25, 3.5, 11.75, 11], "texture": "#3"},
				"up": {"uv": [3.25, 3.5, 11.75, 11.25], "rotation": 270, "texture": "#3"},
				"down": {"uv": [3.25, 3.5, 11.75, 11.25], "rotation": 90, "texture": "#3"}
			}
		},
		{
			"from": [5, 0, 10],
			"to": [7, 1, 12],
			"rotation": {"angle": -22.5, "axis": "y", "origin": [3, 0, 3]},
			"faces": {
				"north": {"uv": [3.25, 3.5, 11.75, 11], "texture": "#3"},
				"east": {"uv": [3.25, 3.5, 11.75, 11], "texture": "#3"},
				"south": {"uv": [3.25, 3.5, 11.75, 11], "texture": "#3"},
				"west": {"uv": [3.25, 3.5, 11.75, 11], "texture": "#3"},
				"up": {"uv": [3.25, 3.5, 11.75, 11.25], "rotation": 270, "texture": "#3"},
				"down": {"uv": [3.25, 3.5, 11.75, 11.25], "rotation": 90, "texture": "#3"}
			}
		},
		{
			"from": [1.25, 0, 7],
			"to": [3.25, 1.75, 9],
			"rotation": {"angle": -22.5, "axis": "z", "origin": [3, 0, 3]},
			"faces": {
				"north": {"uv": [3.25, 3.5, 11.75, 11], "texture": "#3"},
				"east": {"uv": [3.25, 3.5, 11.75, 11], "texture": "#3"},
				"south": {"uv": [3.25, 3.5, 11.75, 11], "texture": "#3"},
				"west": {"uv": [3.25, 3.5, 11.75, 11], "texture": "#3"},
				"up": {"uv": [3.25, 3.5, 11.75, 11.25], "rotation": 270, "texture": "#3"},
				"down": {"uv": [3.25, 3.5, 11.75, 11.25], "rotation": 90, "texture": "#3"}
			}
		},
		{
			"from": [1.25, 0, 14],
			"to": [3.25, 1.75, 16],
			"rotation": {"angle": 22.5, "axis": "y", "origin": [3, 0, 3]},
			"faces": {
				"north": {"uv": [3.25, 3.5, 11.75, 11], "texture": "#3"},
				"east": {"uv": [3.25, 3.5, 11.75, 11], "texture": "#3"},
				"south": {"uv": [3.25, 3.5, 11.75, 11], "texture": "#3"},
				"west": {"uv": [3.25, 3.5, 11.75, 11], "texture": "#3"},
				"up": {"uv": [3.25, 3.5, 11.75, 11.25], "rotation": 270, "texture": "#3"},
				"down": {"uv": [3.25, 3.5, 11.75, 11.25], "rotation": 90, "texture": "#3"}
			}
		},
		{
			"from": [6.75, 0, 16],
			"to": [8.75, 1.25, 18],
			"rotation": {"angle": 22.5, "axis": "y", "origin": [3, 0, 3]},
			"faces": {
				"north": {"uv": [3.25, 3.5, 11.75, 11], "texture": "#3"},
				"east": {"uv": [3.25, 3.5, 11.75, 11], "texture": "#3"},
				"south": {"uv": [3.25, 3.5, 11.75, 11], "texture": "#3"},
				"west": {"uv": [3.25, 3.5, 11.75, 11], "texture": "#3"},
				"up": {"uv": [3.25, 3.5, 11.75, 11.25], "rotation": 270, "texture": "#3"},
				"down": {"uv": [3.25, 3.5, 11.75, 11.25], "rotation": 90, "texture": "#3"}
			}
		}
	],
	"groups": [
		{
			"name": "group",
			"origin": [8, 8, 8],
			"color": 0,
			"children": [
				0,
				1,
				{
					"name": "group",
					"origin": [0, 0, 0],
					"color": 0,
					"children": [2, 3, 4, 5, 6, 7]
				}
			]
		},
		{
			"name": "group",
			"origin": [3, 0, 3],
			"color": 0,
			"children": [8, 9, 10, 11, 12, 13, 14, 15, 16, 17, 18, 19, 20, 21, 22, 23, 24]
		}
	]
}