{
	"parent": "minecraft:block/block",
	"textures": {
		"particle": "block/campfire",
		"log": "block/campfire",
		"fire": "block/campfire_fire"
	},
	"elements": [
		{
			"from": [8, 1, 0.8],
			"to": [8, 17, 15.2],
			"shade": false,
			"rotation": {"angle": 45, "axis": "y", "origin": [8, 8, 8], "rescale": true},
			"faces": {
				"east": {"uv": [0, 0, 16, 16], "texture": "#fire"},
				"west": {"uv": [0, 0, 16, 16], "texture": "#fire"}
			}
		},
		{
			"from": [0.8, 1, 8],
			"to": [15.2, 17, 8],
			"shade": false,
			"rotation": {"angle": 45, "axis": "y", "origin": [8, 8, 8], "rescale": true},
			"faces": {
				"north": {"uv": [0, 0, 16, 16], "texture": "#fire"},
				"south": {"uv": [0, 0, 16, 16], "texture": "#fire"}
			}
		},
		{
			"from": [4, 7.5, 0],
			"to": [5, 8.5, 16],
			"rotation": {"angle": 22.5, "axis": "x", "origin": [0, 0, 0]},
			"faces": {
				"north": {"uv": [0, 14.5, 1.5, 16], "texture": "#log", "cullface": "north"},
				"east": {"uv": [0, 2.375, 16, 5], "texture": "#log"},
				"south": {"uv": [0, 14.5, 1.5, 16], "texture": "#log", "cullface": "south"},
				"west": {"uv": [13.875, 5.125, 0, 9.125], "texture": "#log"},
				"up": {"uv": [0, 9.125, 13.875, 13.125], "rotation": 90, "texture": "#log"},
				"down": {"uv": [0, 2.5, 16, 4.875], "rotation": 90, "texture": "#log", "cullface": "down"}
			}
		},
		{
			"from": [10.75, 0.5, 4],
			"to": [12.75, 2.5, 13],
			"rotation": {"angle": -45, "axis": "y", "origin": [1, 0, 0]},
			"faces": {
				"north": {"uv": [0, 14.625, 1.375, 16], "texture": "#log", "cullface": "west"},
				"east": {"uv": [16, 2.5, 0, 4.75], "texture": "#log"},
				"south": {"uv": [0, 14.625, 1.125, 16], "texture": "#log", "cullface": "east"},
				"west": {"uv": [0, 4.875, 14, 7.375], "texture": "#log"},
				"up": {"uv": [0, 12.125, 16, 8.375], "rotation": 270, "texture": "#log"},
				"down": {"uv": [0, 2.375, 16, 4.625], "rotation": 270, "texture": "#log"}
			}
		},
		{
			"from": [0, 0, 8],
			"to": [16, 4, 12],
			"rotation": {"angle": -45, "axis": "y", "origin": [10, 0, 9]},
			"faces": {
				"north": {"uv": [0, 6.125, 16, 10.125], "texture": "#log"},
				"east": {"uv": [0, 14.5, 1.5, 16], "texture": "#log", "cullface": "south"},
				"south": {"uv": [16, 2.5, 0, 5], "texture": "#log"},
				"west": {"uv": [0, 14.5, 1.5, 16], "texture": "#log", "cullface": "north"},
				"up": {"uv": [0, 2.25, 16, 5], "texture": "#log"},
				"down": {"uv": [0, 0, 16, 2.375], "rotation": 180, "texture": "#log", "cullface": "down"}
			}
		},
		{
			"from": [7.5, -0.06147, -0.60896],
			"to": [8.5, 0.93853, 7.39104],
			"rotation": {"angle": -45, "axis": "y", "origin": [8, 1, 8]},
			"faces": {
				"north": {"uv": [0, 14.625, 1.5, 16], "texture": "#log", "cullface": "east"},
				"east": {"uv": [16, 2.5, 0, 4.75], "texture": "#log"},
				"south": {"uv": [0, 0, 16, 16], "texture": "#log", "cullface": "west"},
				"west": {"uv": [0, 5, 14, 8], "texture": "#log"},
				"up": {"uv": [0, 8, 14, 12], "rotation": 90, "texture": "#log"},
				"down": {"uv": [0, 0, 16, 2.25], "rotation": 90, "texture": "#log"}
			}
		},
		{
			"from": [7, 1, 0],
			"to": [16, 2, 1],
			"rotation": {"angle": -22.5, "axis": "y", "origin": [0, 0, 0]},
			"faces": {
				"north": {"uv": [0, 0, 16, 2.5], "texture": "#log"},
				"east": {"uv": [0, 14.375, 2.625, 15.875], "texture": "#log", "cullface": "north"},
				"west": {"uv": [0, 14.375, 2.625, 15.875], "texture": "#log", "cullface": "south"},
				"up": {"uv": [0, 2.5, 16, 4.75], "rotation": 180, "texture": "#log"},
				"down": {"uv": [0, 8, 16, 14], "texture": "#log", "cullface": "down"}
			}
		}
	],
	"groups": [
		{
			"name": "group",
			"origin": [8, 8, 8],
			"color": 0,
			"children": [
				0,
				1,
				{
					"name": "group",
					"origin": [0, 0, 0],
					"color": 0,
					"children": [2, 3, 4, 5, 6]
				}
			]
		}
	]
}