{
	"parent": "minecraft:block/block",
	"textures": {
		"particle": "block/campfire",
		"log": "block/campfire",
		"fire": "block/campfire_fire"
	},
	"elements": [
		{
			"from": [8, 1, 0.8],
			"to": [8, 17, 15.2],
			"shade": false,
			"rotation": {"angle": 45, "axis": "y", "origin": [8, 8, 8], "rescale": true},
			"faces": {
				"east": {"uv": [0, 0, 16, 16], "texture": "#fire"},
				"west": {"uv": [0, 0, 16, 16], "texture": "#fire"}
			}
		},
		{
			"from": [0.8, 1, 8],
			"to": [15.2, 17, 8],
			"shade": false,
			"rotation": {"angle": 45, "axis": "y", "origin": [8, 8, 8], "rescale": true},
			"faces": {
				"north": {"uv": [0, 0, 16, 16], "texture": "#fire"},
				"south": {"uv": [0, 0, 16, 16], "texture": "#fire"}
			}
		},
		{
			"from": [1, 0, 0],
			"to": [5, 4, 16],
			"faces": {
				"north": {"uv": [0, 14.5, 1.625, 16], "texture": "#log", "cullface": "north"},
				"east": {"uv": [0, 2.375, 16, 5], "texture": "#log"},
				"south": {"uv": [0, 14.5, 1.625, 16], "texture": "#log", "cullface": "south"},
				"west": {"uv": [13.875, 5.125, 0, 9.125], "texture": "#log"},
				"up": {"uv": [0, 9.125, 13.875, 13.125], "rotation": 90, "texture": "#log"},
				"down": {"uv": [0, 0, 16, 2.375], "rotation": 90, "texture": "#log", "cullface": "down"}
			}
		},
		{
			"from": [0, 3, 11],
			"to": [16, 7, 15],
			"faces": {
				"north": {"uv": [16, 2.5, 0, 4.75], "texture": "#log"},
				"east": {"uv": [0, 14.5, 1.75, 16], "texture": "#log", "cullface": "east"},
				"south": {"uv": [0, 4.875, 14, 7.375], "texture": "#log"},
				"west": {"uv": [0, 14.5, 1.75, 16], "texture": "#log", "cullface": "west"},
				"up": {"uv": [0, 7.375, 14, 11.125], "rotation": 180, "texture": "#log"},
				"down": {"uv": [0, 0, 16, 2.25], "texture": "#log"}
			}
		},
		{
			"from": [11, 0, 0],
			"to": [15, 4, 16],
			"faces": {
				"north": {"uv": [0, 14.5, 1.625, 16], "texture": "#log", "cullface": "north"},
				"east": {"uv": [0, 6.125, 16, 10.125], "texture": "#log"},
				"south": {"uv": [0, 14.5, 1.625, 16], "texture": "#log", "cullface": "south"},
				"west": {"uv": [16, 2.5, 0, 5], "texture": "#log"},
				"up": {"uv": [0, 10.125, 13.875, 14.125], "rotation": 90, "texture": "#log"},
				"down": {"uv": [0, 0, 16, 2.375], "rotation": 90, "texture": "#log", "cullface": "down"}
			}
		},
		{
			"from": [0, 3, 1],
			"to": [16, 7, 5],
			"faces": {
				"north": {"uv": [0, 5, 14, 8], "texture": "#log"},
				"east": {"uv": [0, 14.5, 1.75, 16], "texture": "#log", "cullface": "east"},
				"south": {"uv": [16, 2.5, 0, 4.75], "texture": "#log"},
				"west": {"uv": [0, 14.5, 1.75, 16], "texture": "#log", "cullface": "west"},
				"up": {"uv": [0, 8, 14, 12], "rotation": 180, "texture": "#log"},
				"down": {"uv": [0, 0, 16, 2.25], "texture": "#log"}
			}
		},
		{
			"from": [5, 0, 3],
			"to": [11, 1, 12],
			"faces": {
				"north": {"uv": [0, 15, 6, 16], "texture": "#log", "cullface": "north"},
				"south": {"uv": [10, 15, 16, 16], "texture": "#log", "cullface": "south"},
				"up": {"uv": [0, 2.5, 16, 4.75], "rotation": 90, "texture": "#log"},
				"down": {"uv": [0, 8, 16, 14], "rotation": 90, "texture": "#log", "cullface": "down"}
			}
		}
	],
	"groups": [
		{
			"name": "group",
			"origin": [8, 8, 8],
			"color": 0,
			"children": [
				0,
				1,
				{
					"name": "group",
					"origin": [0, 0, 0],
					"color": 0,
					"children": [2, 3, 4, 5, 6]
				}
			]
		}
	]
}